﻿名前,タグ,作成日時
スワルオンライン,,2025年7月16日 10:26
青果店,,2025年7月19日 16:11
シーファン,,2025年7月18日 8:57
ファミマおじさん,,2025年7月16日 10:29
「初めて選挙に行った人が経験すること」もとき,,2025年7月21日 13:46
はま寿司,,2025年7月21日 16:39
クリスプサラダワークス,,2025年7月23日 15:13
・訴求　オレンジビビッと．黄色ではなく,,2025年8月1日 14:44
365日の防災,,2025年8月1日 15:08
ヨガニードラ,,2025年8月8日 20:23
スタバ,,2025年8月9日 15:14